run,enso_state,juv_live_ct_isl_1,juv_live_ct_isl_2,juv_dead_ct_isl_1,juv_dead_ct_isl_2,new_adult_ct_isl_1,new_adult_ct_isl_2,philo_suc_ct_isl_1,philo_suc_ct_isl_2,philo_fail_ct_isl_1,philo_fail_ct_isl_2,emig-src-ct_isl_1,emig-src-ct_isl_2,emig_ct_isl_1,emig_ct_isl_2,emig_ct_leave_system,emig_att_isl_1,emig_att_isl_2,emig_att_leave_system,male_ct_isl_1,male_ct_isl_2,settled_ct_isl_1,settled_ct_isl_2,mating_ct_isl_1,mating_ct_isl_2,breed_suc_ct_isl_1,breed_suc_ct_isl_2,chick_pred_isl_1,chick_pred_isl_2,adult_mort_ct_isl_1,adult_mort_ct_isl_2,adult_pred_isl_1,adult_pred_isl_2,isl_collapse_ct_isl_1,isl_collapse_ct_isl_2,isl_att_isl_1,isl_att_isl_2,isl_att_leave_system,initialisation_data
169,4,0,0,0,0,0,0,0,0,0,0,0,0,0,0,0,0,0,0,4348,4335,5787,5820,3914,3917,1433,1884,0.3,0,213,180,0,0,2271,2255,28,28,44,./data/twoIsl_chickPred/small/two_isl_chickpred30_adult0.csv
169,2,93,153,155,159,240,309,226,290,14,19,0,0,0,0,0,0,0,0,4724,4767,5354,5483,4185,4247,0,519,0.3,0,670,632,0,0,305,409,27,28,44,./data/twoIsl_chickPred/small/two_isl_chickpred30_adult0.csv
169,2,0,35,0,48,235,414,224,391,11,23,0,0,0,0,0,0,0,0,4606,4886,5236,5601,4095,4259,967,3142,0.3,0,350,287,0,0,133,77,26,29,44,./data/twoIsl_chickPred/small/two_isl_chickpred30_adult0.csv
169,2,46,150,123,363,394,957,371,894,23,63,3275,3371,2520,0,4126,37,0,62,4244,2500,4757,3055,2560,2453,876,1577,0.3,0,68,140,0,0,56,74,30,26,44,./data/twoIsl_chickPred/small/two_isl_chickpred30_adult0.csv
169,0,46,134,112,118,540,1198,511,1136,29,62,457,496,0,323,630,0,37,62,4539,3719,4666,3806,3113,3561,1253,2395,0.3,0,110,300,0,0,81,0,22,33,44,./data/twoIsl_chickPred/small/two_isl_chickpred30_adult0.csv
169,2,65,110,143,274,751,1596,713,1523,38,73,496,647,0,482,661,0,42,57,4902,5200,4282,4570,3714,4309,0,539,0.3,0,541,709,0,0,0,18,22,34,44,./data/twoIsl_chickPred/small/two_isl_chickpred30_adult0.csv
169,2,0,14,0,66,578,1501,550,1419,28,82,2638,987,515,0,3110,33,0,66,2733,5044,2567,4763,2291,4178,1175,2619,0.3,0,169,278,0,0,0,67,8,48,44,./data/twoIsl_chickPred/small/two_isl_chickpred30_adult0.csv
169,2,53,259,131,186,687,1745,653,1661,34,84,695,1420,271,0,1844,15,0,84,2805,5054,2659,4898,2078,4203,578,2549,0.3,0,146,156,0,0,20,0,6,50,44,./data/twoIsl_chickPred/small/two_isl_chickpred30_adult0.csv
169,2,55,157,35,289,712,1758,673,1664,39,94,797,1889,256,0,2430,12,0,88,2799,4738,2650,4506,1749,4113,496,3316,0.3,0,120,261,0,0,12,64,4,52,44,./data/twoIsl_chickPred/small/two_isl_chickpred30_adult0.csv
169,2,2,253,79,292,693,2012,659,1922,34,90,909,1275,135,0,2049,8,0,91,2540,5220,2429,5084,1634,4198,615,2454,0.3,0,97,150,0,0,11,20,3,52,44,./data/twoIsl_chickPred/small/two_isl_chickpred30_adult0.csv
169,0,18,131,103,277,552,2044,528,1953,24,91,811,1553,118,0,2246,6,0,93,2267,5549,2182,5445,1500,4226,649,2116,0.3,0,78,111,0,0,0,0,2,53,44,./data/twoIsl_chickPred/small/two_isl_chickpred30_adult0.csv
169,1,26,134,82,204,548,2172,526,2079,22,93,824,1565,89,0,2300,4,0,95,1977,6017,1692,5191,1317,4261,0,607,0.3,0,248,863,0,0,16,47,2,54,44,./data/twoIsl_chickPred/small/two_isl_chickpred30_adult0.csv
169,2,0,31,0,65,428,2124,408,2020,20,104,626,1609,90,0,2145,4,0,95,1567,5669,1460,5171,1035,4191,118,2244,0.3,0,89,516,0,0,0,0,1,55,44,./data/twoIsl_chickPred/small/two_isl_chickpred30_adult0.csv
169,3,8,110,16,294,376,1936,362,1845,14,91,503,1547,29,0,2021,2,0,97,1348,5533,1279,5282,867,4173,201,3181,0.3,0,65,255,0,0,0,0,0,55,44,./data/twoIsl_chickPred/small/two_isl_chickpred30_adult0.csv
169,2,9,84,27,417,255,2008,242,1906,13,102,468,1608,0,0,2076,0,0,100,1053,5644,921,5000,718,4169,142,1878,0.3,0,128,648,0,0,0,0,0,55,44,./data/twoIsl_chickPred/small/two_isl_chickpred30_adult0.csv
169,3,6,143,17,184,220,1826,217,1740,3,86,396,1634,0,0,2030,0,0,100,742,5149,711,4873,505,4110,194,2595,0.3,0,29,278,0,0,0,0,0,55,44,./data/twoIsl_chickPred/small/two_isl_chickpred30_adult0.csv
169,1,21,101,27,343,117,1866,110,1759,7,107,297,1497,0,0,1794,0,0,100,524,5200,483,4700,371,4134,49,1705,0.3,0,41,500,0,0,18,0,0,56,44,./data/twoIsl_chickPred/small/two_isl_chickpred30_adult0.csv
169,1,4,81,4,206,114,1941,110,1846,4,95,190,1525,0,0,1715,0,0,100,403,5077,368,4535,267,4106,56,2276,0.3,0,35,542,0,0,21,0,0,56,44,./data/twoIsl_chickPred/small/two_isl_chickpred30_adult0.csv
169,2,9,117,3,242,122,2056,117,1963,5,93,177,1366,0,0,1543,0,0,100,308,5184,294,4598,194,4152,25,2350,0.3,0,14,586,0,0,0,22,0,56,44,./data/twoIsl_chickPred/small/two_isl_chickpred30_adult0.csv
169,2,0,144,5,234,81,1933,79,1826,2,107,89,1305,0,0,1394,0,0,100,284,5188,275,4958,172,4113,71,2245,0.3,0,9,230,0,0,0,14,0,56,44,./data/twoIsl_chickPred/small/two_isl_chickpred30_adult0.csv
169,2,1,175,7,195,67,2028,65,1948,2,80,89,1435,0,0,1524,0,0,100,251,5516,239,5357,162,4156,42,2021,0.3,0,12,159,0,0,0,0,0,56,44,./data/twoIsl_chickPred/small/two_isl_chickpred30_adult0.csv
169,2,1,128,6,188,60,1878,56,1792,4,86,106,1672,0,0,1778,0,0,100,189,5529,181,5195,111,4159,66,2590,0.3,0,8,334,0,0,0,20,0,56,44,./data/twoIsl_chickPred/small/two_isl_chickpred30_adult0.csv
169,2,8,165,4,263,43,1937,36,1831,7,106,69,1653,0,0,1722,0,0,100,148,5436,140,5253,87,4117,22,3409,0.3,0,8,183,0,0,15,17,0,56,44,./data/twoIsl_chickPred/small/two_isl_chickpred30_adult0.csv
169,2,0,199,4,357,50,2296,50,2196,0,100,52,1742,0,0,1794,0,0,100,138,5768,133,5512,88,4126,33,2077,0.3,0,5,256,0,0,11,19,0,56,44,./data/twoIsl_chickPred/small/two_isl_chickpred30_adult0.csv
169,2,1,81,4,286,39,2183,38,2071,1,112,51,1593,0,0,1644,0,0,100,120,6048,115,5791,65,4132,32,2647,0.3,0,5,257,0,0,27,0,0,56,44,./data/twoIsl_chickPred/small/two_isl_chickpred30_adult0.csv
169,1,2,183,2,265,36,2271,35,2167,1,104,31,1685,0,0,1716,0,0,100,119,6338,116,6061,72,4138,21,2745,0.3,0,3,277,0,0,17,0,0,56,44,./data/twoIsl_chickPred/small/two_isl_chickpred30_adult0.csv
169,1,1,255,2,227,26,2370,26,2260,0,110,47,1962,0,0,2009,0,0,100,95,6418,90,6027,61,4145,5,1939,0.3,0,5,391,0,0,16,0,0,56,44,./data/twoIsl_chickPred/small/two_isl_chickpred30_adult0.csv
169,2,0,129,1,203,29,2367,27,2252,2,115,31,1815,0,0,1846,0,0,100,86,6530,82,5742,53,4146,8,1592,0.3,0,4,788,0,0,20,22,0,56,44,./data/twoIsl_chickPred/small/two_isl_chickpred30_adult0.csv
169,0,0,75,0,215,14,2020,13,1907,1,113,30,1724,0,0,1754,0,0,100,65,5994,60,5661,41,4115,10,3015,0.3,0,5,333,0,0,0,17,0,56,44,./data/twoIsl_chickPred/small/two_isl_chickpred30_adult0.csv
169,1,0,216,2,286,19,2014,18,1905,1,109,22,1832,0,0,1854,0,0,100,56,5794,53,5153,36,4095,0,657,0.3,0,3,641,0,0,0,0,0,56,44,./data/twoIsl_chickPred/small/two_isl_chickpred30_adult0.csv
169,4,0,43,0,75,8,1798,8,1703,0,95,25,1725,0,0,1750,0,0,100,36,5192,34,4527,23,4021,3,1614,0.3,0,2,665,0,0,0,33,0,56,44,./data/twoIsl_chickPred/small/two_isl_chickpred30_adult0.csv
169,2,0,111,1,166,5,1685,4,1602,1,83,11,1447,0,0,1458,0,0,100,27,4731,23,3932,20,3912,0,604,0.3,0,4,799,0,0,19,0,0,56,44,./data/twoIsl_chickPred/small/two_isl_chickpred30_adult0.csv
169,2,0,36,0,59,2,1417,2,1357,0,60,12,1289,0,0,1301,0,0,100,13,4033,10,3844,4,3404,2,1791,0.3,0,3,189,0,0,0,0,0,56,44,./data/twoIsl_chickPred/small/two_isl_chickpred30_adult0.csv
169,2,0,69,1,245,4,1359,3,1289,1,70,6,1217,0,0,1223,0,0,100,7,3959,7,3625,3,3225,1,1735,0.3,0,0,334,0,0,0,0,0,56,44,./data/twoIsl_chickPred/small/two_isl_chickpred30_adult0.csv
169,1,0,71,0,241,0,1227,0,1168,0,59,3,1192,0,0,1195,0,0,100,4,3631,4,3505,4,2959,1,2104,0.3,0,0,126,0,0,16,0,0,56,44,./data/twoIsl_chickPred/small/two_isl_chickpred30_adult0.csv
169,1,0,86,0,249,1,1332,1,1265,0,67,1,1176,0,0,1177,0,0,100,4,3631,3,3316,1,2929,0,1248,0.3,0,1,315,0,0,23,0,0,56,44,./data/twoIsl_chickPred/small/two_isl_chickpred30_adult0.csv
169,3,0,60,0,138,0,1387,0,1325,0,62,3,1061,0,0,1064,0,0,100,0,3611,0,3402,0,2928,0,1797,0.3,0,0,209,0,0,0,0,6,6,89,./data/twoIsl_chickPred/small/two_isl_chickpred30_adult0.csv
169,2,0,145,0,168,1,1463,1,1393,0,70,0,1006,71,0,935,6,0,93,78,3793,70,3422,7,3184,1,1101,0.3,0,2,377,0,0,0,13,0,56,44,./data/twoIsl_chickPred/small/two_isl_chickpred30_adult0.csv
169,3,0,80,0,119,0,1413,0,1341,0,72,0,1011,0,0,1011,0,0,100,70,3800,68,3625,8,3145,3,1734,0.3,0,0,177,0,0,0,9,0,56,44,./data/twoIsl_chickPred/small/two_isl_chickpred30_adult0.csv
169,4,0,101,0,205,2,1409,2,1350,0,59,0,1095,0,0,1095,0,0,100,70,3918,57,3471,6,3181,1,1358,0.3,0,5,455,0,0,29,0,0,56,44,./data/twoIsl_chickPred/small/two_isl_chickpred30_adult0.csv
169,2,0,59,0,197,1,1289,0,1240,1,49,57,1038,0,0,1095,0,0,100,0,3701,0,3427,0,2901,0,589,0.3,0,0,274,0,0,0,0,6,6,89,./data/twoIsl_chickPred/small/two_isl_chickpred30_adult0.csv
169,2,0,10,0,85,0,1122,0,1061,0,61,0,1101,67,0,1034,6,0,93,68,3390,65,3216,2,2722,0,1636,0.3,0,0,177,0,0,0,0,0,56,44,./data/twoIsl_chickPred/small/two_isl_chickpred30_adult0.csv
169,4,0,99,0,170,2,1237,2,1190,0,47,0,1096,0,0,1096,0,0,100,67,3333,63,3238,3,2662,1,2534,0.3,0,0,99,0,0,0,0,0,56,44,./data/twoIsl_chickPred/small/two_isl_chickpred30_adult0.csv
169,2,0,189,0,265,2,1335,2,1279,0,56,0,1086,0,0,1086,0,0,100,65,3460,56,2789,5,2833,0,347,0.3,0,1,679,0,0,19,0,0,56,44,./data/twoIsl_chickPred/small/two_isl_chickpred30_adult0.csv
169,0,0,23,0,29,0,1180,0,1125,0,55,53,801,0,0,854,0,0,100,3,3147,3,3009,0,2421,0,1887,0.3,0,0,138,0,0,0,0,6,6,89,./data/twoIsl_chickPred/small/two_isl_chickpred30_adult0.csv
169,0,0,128,0,193,0,1171,0,1104,0,67,2,905,48,0,859,6,0,93,53,3214,42,2768,3,2581,0,414,0.3,0,1,456,0,0,0,0,0,56,44,./data/twoIsl_chickPred/small/two_isl_chickpred30_adult0.csv
169,2,0,31,0,43,0,1169,0,1111,0,58,1,867,0,0,868,0,0,100,41,3044,40,2787,5,2411,0,336,0.3,0,0,258,0,0,21,0,0,56,44,./data/twoIsl_chickPred/small/two_isl_chickpred30_adult0.csv
169,2,0,38,0,17,0,1006,0,950,0,56,0,885,0,0,885,0,0,100,40,2886,35,2757,7,2259,3,1699,0.3,0,0,134,0,0,0,0,0,56,44,./data/twoIsl_chickPred/small/two_isl_chickpred30_adult0.csv
169,3,0,98,0,164,0,979,0,920,0,59,35,829,0,0,864,0,0,100,0,2880,0,2757,0,2263,0,893,0.3,0,0,123,0,0,0,0,6,6,89,./data/twoIsl_chickPred/small/two_isl_chickpred30_adult0.csv
169,2,0,36,0,111,0,896,0,859,0,37,0,948,68,0,880,6,0,93,70,2671,60,2425,2,2118,0,1017,0.3,0,1,255,0,0,0,33,0,56,44,./data/twoIsl_chickPred/small/two_isl_chickpred30_adult0.csv
169,0,0,68,0,101,1,856,1,812,0,44,0,818,0,0,818,0,0,100,61,2446,57,2292,4,1924,3,1417,0.3,0,0,158,0,0,0,0,0,56,44,./data/twoIsl_chickPred/small/two_isl_chickpred30_adult0.csv
169,2,0,73,1,178,1,929,1,893,0,36,0,775,0,0,775,0,0,100,58,2433,47,2101,7,1891,0,214,0.3,0,4,339,0,0,0,18,0,56,44,./data/twoIsl_chickPred/small/two_isl_chickpred30_adult0.csv
169,2,0,1,0,28,2,940,2,899,0,41,45,606,0,0,651,0,0,100,4,2417,4,2337,4,1815,2,1435,0.3,0,0,80,0,0,0,0,0,56,44,./data/twoIsl_chickPred/small/two_isl_chickpred30_adult0.csv
169,0,0,122,0,134,0,912,0,864,0,48,1,665,0,0,666,0,0,100,3,2560,3,2487,3,1918,1,1379,0.3,0,0,73,0,0,8,0,0,56,44,./data/twoIsl_chickPred/small/two_isl_chickpred30_adult0.csv
169,2,0,108,0,113,1,944,1,899,0,45,1,755,0,0,756,0,0,100,3,2654,3,2253,1,1998,0,349,0.3,0,0,401,0,0,0,0,0,56,44,./data/twoIsl_chickPred/small/two_isl_chickpred30_adult0.csv
169,0,0,26,0,33,2,831,2,781,0,50,2,750,0,0,752,0,0,100,3,2314,2,2252,2,1728,1,1445,0.3,0,1,62,0,0,0,0,0,56,44,./data/twoIsl_chickPred/small/two_isl_chickpred30_adult0.csv
169,1,1,148,0,110,1,928,1,886,0,42,0,699,0,0,699,0,0,100,3,2467,3,2067,2,1842,0,334,0.3,0,0,400,0,0,0,0,0,56,44,./data/twoIsl_chickPred/small/two_isl_chickpred30_adult0.csv
169,4,0,26,0,30,0,802,0,764,0,38,1,630,0,0,631,0,0,100,2,2217,2,2115,1,1674,0,915,0.3,0,0,102,0,0,0,0,0,56,44,./data/twoIsl_chickPred/small/two_isl_chickpred30_adult0.csv
169,3,0,71,0,80,0,866,0,822,0,44,1,644,0,0,645,0,0,100,1,2315,1,2048,0,1723,0,225,0.3,0,0,267,0,0,0,37,6,6,89,./data/twoIsl_chickPred/small/two_isl_chickpred30_adult0.csv
169,2,0,10,0,21,0,628,0,595,0,33,1,642,42,0,601,6,0,93,45,2003,40,1857,7,1542,2,914,0.3,0,1,150,0,0,0,0,0,56,44,./data/twoIsl_chickPred/small/two_isl_chickpred30_adult0.csv
169,2,0,0,1,158,0,695,0,662,0,33,0,619,0,0,619,0,0,100,40,1918,38,1839,8,1409,2,1073,0.3,0,1,80,0,0,0,18,0,56,44,./data/twoIsl_chickPred/small/two_isl_chickpred30_adult0.csv
169,0,0,90,0,97,1,731,1,696,0,35,0,653,0,0,653,0,0,100,39,1903,37,1816,5,1374,3,806,0.3,0,1,88,0,0,0,0,0,56,44,./data/twoIsl_chickPred/small/two_isl_chickpred30_adult0.csv
169,2,0,47,0,71,3,658,3,634,0,24,36,505,0,0,541,0,0,100,4,1957,4,1689,3,1419,0,197,0.3,0,0,268,0,0,0,17,0,56,44,./data/twoIsl_chickPred/small/two_isl_chickpred30_adult0.csv
169,2,0,6,0,18,1,621,1,596,0,25,0,549,0,0,549,0,0,100,5,1747,5,1647,2,1272,1,1037,0.3,0,0,100,0,0,0,0,0,56,44,./data/twoIsl_chickPred/small/two_isl_chickpred30_adult0.csv
169,4,0,82,0,84,2,686,1,663,1,23,1,540,0,0,541,0,0,100,5,1788,5,1711,2,1280,0,941,0.3,0,0,77,0,0,0,0,0,56,44,./data/twoIsl_chickPred/small/two_isl_chickpred30_adult0.csv
169,3,0,54,0,81,1,714,1,671,0,43,3,507,0,0,510,0,0,100,3,1892,3,1614,1,1376,0,265,0.3,0,0,278,0,0,0,0,0,56,44,./data/twoIsl_chickPred/small/two_isl_chickpred30_adult0.csv
169,2,0,17,0,25,0,614,0,585,0,29,1,479,0,0,480,0,0,100,2,1735,2,1624,0,1261,0,456,0.3,0,0,111,0,0,0,0,6,6,89,./data/twoIsl_chickPred/small/two_isl_chickpred30_adult0.csv
169,2,0,30,0,46,0,526,0,498,0,28,1,524,35,0,490,6,0,93,39,1600,37,1524,8,1159,1,585,0.3,0,0,78,0,0,0,0,0,56,44,./data/twoIsl_chickPred/small/two_isl_chickpred30_adult0.csv
169,3,0,40,0,66,0,557,0,529,0,28,1,504,0,0,505,0,0,100,36,1563,34,1458,8,1127,2,673,0.3,0,1,106,0,0,0,0,0,56,44,./data/twoIsl_chickPred/small/two_isl_chickpred30_adult0.csv
169,2,0,46,0,71,0,537,0,518,0,19,0,514,0,0,514,0,0,100,34,1473,32,1264,8,1036,0,192,0.3,0,0,211,0,0,0,0,0,56,44,./data/twoIsl_chickPred/small/two_isl_chickpred30_adult0.csv
169,0,0,14,0,17,2,462,2,432,0,30,32,379,0,0,411,0,0,100,2,1335,2,1282,1,892,0,441,0.3,0,0,53,0,0,0,0,0,56,44,./data/twoIsl_chickPred/small/two_isl_chickpred30_adult0.csv
169,2,0,17,0,49,0,384,0,358,0,26,0,413,0,0,413,0,0,100,2,1239,2,1032,2,854,0,135,0.3,0,0,207,0,0,0,0,0,56,44,./data/twoIsl_chickPred/small/two_isl_chickpred30_adult0.csv
169,2,0,9,0,14,1,360,0,341,1,19,0,359,0,0,359,0,0,100,2,1030,2,960,2,680,0,416,0.3,0,0,70,0,0,0,17,0,56,44,./data/twoIsl_chickPred/small/two_isl_chickpred30_adult0.csv
169,2,0,27,0,47,0,358,0,343,0,15,2,342,0,0,344,0,0,100,0,967,0,920,0,626,0,398,0.3,0,0,47,0,0,0,0,6,6,89,./data/twoIsl_chickPred/small/two_isl_chickpred30_adult0.csv
169,2,0,7,0,45,0,308,0,294,0,14,0,272,12,0,260,6,0,93,14,944,13,902,2,681,0,364,0.3,0,1,42,0,0,0,0,0,56,44,./data/twoIsl_chickPred/small/two_isl_chickpred30_adult0.csv
169,3,0,23,0,30,0,308,0,291,0,17,0,296,0,0,296,0,0,100,13,904,12,851,1,628,0,377,0.3,0,0,54,0,0,0,0,0,56,44,./data/twoIsl_chickPred/small/two_isl_chickpred30_adult0.csv
169,1,0,18,0,46,0,304,0,288,0,16,0,303,0,0,303,0,0,100,12,845,9,744,1,563,0,270,0.3,0,0,104,0,0,0,0,0,56,44,./data/twoIsl_chickPred/small/two_isl_chickpred30_adult0.csv
169,1,0,17,0,25,0,328,0,310,0,18,9,244,0,0,253,0,0,100,0,822,0,729,0,517,0,242,0.3,0,0,93,0,0,0,0,6,6,89,./data/twoIsl_chickPred/small/two_isl_chickpred30_adult0.csv
169,1,0,13,0,22,0,321,0,301,0,20,0,218,11,0,207,6,0,93,11,812,11,737,2,560,0,228,0.3,0,0,75,0,0,0,18,0,56,44,./data/twoIsl_chickPred/small/two_isl_chickpred30_adult0.csv
169,1,0,12,0,27,0,236,0,222,0,14,0,0,0,0,0,0,0,0,11,967,11,904,1,690,1,227,0.3,0,0,63,0,0,0,0,0,56,44,./data/twoIsl_chickPred/small/two_isl_chickpred30_adult0.csv
169,1,0,4,0,28,1,251,1,245,0,6,0,430,0,0,430,0,0,100,12,721,11,661,3,481,0,152,0.3,0,1,60,0,0,0,0,0,56,44,./data/twoIsl_chickPred/small/two_isl_chickpred30_adult0.csv
169,1,0,9,0,22,0,205,0,188,0,17,10,236,0,0,246,0,0,100,1,620,1,568,0,402,0,123,0.3,0,0,52,0,0,0,0,6,6,89,./data/twoIsl_chickPred/small/two_isl_chickpred30_adult0.csv
169,4,0,10,0,11,0,187,0,180,0,7,0,0,0,0,0,0,0,0,1,748,1,659,1,520,0,199,0.3,0,0,89,0,0,0,0,0,56,44,./data/twoIsl_chickPred/small/two_isl_chickpred30_adult0.csv
169,2,0,2,0,37,0,163,0,155,0,8,1,340,0,0,341,0,0,100,0,478,0,421,0,318,0,49,0.3,0,0,57,0,0,0,0,6,6,89,./data/twoIsl_chickPred/small/two_isl_chickpred30_adult0.csv
169,2,0,5,0,3,0,147,0,137,0,10,0,0,0,0,0,0,0,0,0,559,0,526,0,376,0,249,0.3,0,0,33,0,0,0,0,6,6,89,./data/twoIsl_chickPred/small/two_isl_chickpred30_adult0.csv
169,4,0,26,0,16,0,112,0,103,0,9,0,272,15,0,257,6,0,93,15,357,14,338,6,235,2,108,0.3,0,1,19,0,0,0,0,0,56,44,./data/twoIsl_chickPred/small/two_isl_chickpred30_adult0.csv
169,2,0,6,0,11,1,120,1,118,0,2,0,0,0,0,0,0,0,0,15,457,13,385,6,326,0,40,0.3,0,1,73,0,0,16,0,0,56,44,./data/twoIsl_chickPred/small/two_isl_chickpred30_adult0.csv
169,0,0,2,0,2,0,125,0,119,0,6,0,214,0,0,214,0,0,100,13,295,13,283,4,201,0,109,0.3,0,0,12,0,0,0,0,0,56,44,./data/twoIsl_chickPred/small/two_isl_chickpred30_adult0.csv
169,2,0,12,0,10,1,84,1,80,0,4,0,0,0,0,0,0,0,0,14,364,9,319,5,249,0,34,0.3,0,3,47,0,0,0,0,0,56,44,./data/twoIsl_chickPred/small/two_isl_chickpred30_adult0.csv
169,2,0,5,0,2,0,114,0,111,0,3,0,0,0,0,0,0,0,0,9,432,9,416,4,284,1,164,0.3,0,0,16,0,0,0,0,0,56,44,./data/twoIsl_chickPred/small/two_isl_chickpred30_adult0.csv
169,2,0,7,0,19,0,107,0,104,0,3,9,244,0,0,253,0,0,100,0,278,0,265,0,158,0,116,0.3,0,0,13,0,0,0,0,6,6,89,./data/twoIsl_chickPred/small/two_isl_chickpred30_adult0.csv
169,2,0,8,0,9,0,83,0,79,0,4,0,0,0,0,0,0,0,0,1,345,1,330,1,213,0,102,0.3,0,0,15,0,0,0,0,0,56,44,./data/twoIsl_chickPred/small/two_isl_chickpred30_adult0.csv
169,0,0,12,0,13,0,84,0,79,0,5,0,0,0,0,0,0,0,0,1,413,1,394,1,271,0,140,0.3,0,0,19,0,0,0,0,0,56,44,./data/twoIsl_chickPred/small/two_isl_chickpred30_adult0.csv
169,3,0,4,0,10,0,95,0,92,0,3,0,244,0,0,244,0,0,100,1,243,1,209,1,152,0,34,0.3,0,0,34,0,0,0,18,0,56,44,./data/twoIsl_chickPred/small/two_isl_chickpred30_adult0.csv
169,2,0,0,0,3,1,104,0,100,1,4,0,0,0,0,0,0,0,0,1,311,1,269,0,195,0,103,0.3,0,0,42,0,0,0,0,6,6,89,./data/twoIsl_chickPred/small/two_isl_chickpred30_adult0.csv
169,2,0,3,0,14,0,81,0,80,0,1,0,0,0,0,0,0,0,0,1,350,1,330,1,221,1,85,0.3,0,0,20,0,0,0,0,0,56,44,./data/twoIsl_chickPred/small/two_isl_chickpred30_adult0.csv
169,0,0,8,0,11,0,83,0,79,0,4,0,0,0,0,0,0,0,0,1,411,1,383,0,263,0,148,0.3,0,0,28,0,0,16,0,6,6,89,./data/twoIsl_chickPred/small/two_isl_chickpred30_adult0.csv
169,2,0,12,0,9,0,105,0,103,0,2,1,233,10,0,224,6,0,93,10,253,9,203,6,157,0,17,0.3,0,1,50,0,0,0,0,0,56,44,./data/twoIsl_chickPred/small/two_isl_chickpred30_adult0.csv
169,2,0,0,0,1,1,80,1,77,0,3,0,0,0,0,0,0,0,0,10,282,9,275,4,182,3,124,0.3,0,1,7,0,0,0,0,0,56,44,./data/twoIsl_chickPred/small/two_isl_chickpred30_adult0.csv
169,2,0,6,0,16,1,79,1,76,0,3,0,0,0,0,0,0,0,0,10,353,9,335,5,240,2,225,0.3,0,0,19,0,0,0,0,0,56,44,./data/twoIsl_chickPred/small/two_isl_chickpred30_adult0.csv
169,2,0,12,0,18,1,115,1,107,0,8,0,0,0,0,0,0,0,0,10,444,10,428,4,297,2,227,0.3,0,0,16,0,0,0,0,0,56,44,./data/twoIsl_chickPred/small/two_isl_chickpred30_adult0.csv
169,3,0,9,0,32,1,118,1,113,0,5,8,253,0,0,261,0,0,100,3,292,3,281,1,186,0,163,0.3,0,0,11,0,0,0,0,0,56,44,./data/twoIsl_chickPred/small/two_isl_chickpred30_adult0.csv
169,2,0,4,0,15,0,147,0,137,0,10,0,0,0,0,0,0,0,0,3,420,3,366,0,270,0,92,0.3,0,0,54,0,0,0,0,6,6,89,./data/twoIsl_chickPred/small/two_isl_chickpred30_adult0.csv
169,2,0,6,0,6,2,157,2,146,0,11,0,0,0,0,0,0,0,0,6,513,5,479,1,346,0,302,0.3,0,1,34,0,0,0,0,0,56,44,./data/twoIsl_chickPred/small/two_isl_chickpred30_adult0.csv
169,2,0,16,0,31,1,169,1,156,0,13,2,231,0,0,233,0,0,100,4,413,4,403,1,270,1,153,0.3,0,0,10,0,0,0,0,0,56,44,./data/twoIsl_chickPred/small/two_isl_chickpred30_adult0.csv
169,2,0,19,0,16,2,155,2,146,0,9,0,0,0,0,0,0,0,0,6,554,6,528,5,382,3,219,0.3,0,0,26,0,0,0,0,0,56,44,./data/twoIsl_chickPred/small/two_isl_chickpred30_adult0.csv
169,2,0,9,0,15,1,180,1,165,0,15,3,230,0,0,233,0,0,100,4,470,4,452,2,294,0,180,0.3,0,0,18,0,0,0,0,0,56,44,./data/twoIsl_chickPred/small/two_isl_chickpred30_adult0.csv
169,2,0,8,0,21,1,155,1,146,0,9,0,0,0,0,0,0,0,0,5,605,5,588,2,398,0,282,0.3,0,0,17,0,0,0,0,0,56,44,./data/twoIsl_chickPred/small/two_isl_chickpred30_adult0.csv
169,3,0,11,0,29,0,214,0,204,0,10,3,285,0,0,288,0,0,100,2,512,2,492,1,334,0,265,0.3,0,0,20,0,0,0,0,0,56,44,./data/twoIsl_chickPred/small/two_isl_chickpred30_adult0.csv
169,2,0,22,0,25,1,187,0,177,1,10,0,0,0,0,0,0,0,0,2,674,2,599,1,452,0,205,0.3,0,0,75,0,0,0,0,0,56,44,./data/twoIsl_chickPred/small/two_isl_chickpred30_adult0.csv
169,0,0,5,0,34,0,208,0,197,0,11,2,257,0,0,259,0,0,100,0,545,0,524,0,362,0,234,0.3,0,0,21,0,0,0,0,6,6,89,./data/twoIsl_chickPred/small/two_isl_chickpred30_adult0.csv
169,2,0,9,0,19,0,200,0,190,0,10,0,0,0,0,0,0,0,0,1,714,0,643,1,503,0,69,0.3,0,1,71,0,0,0,0,0,56,44,./data/twoIsl_chickPred/small/two_isl_chickpred30_adult0.csv
169,2,0,0,0,7,0,184,0,179,0,5,0,294,0,0,294,0,0,100,0,532,0,507,0,321,0,140,0.3,0,0,25,0,0,0,0,6,6,89,./data/twoIsl_chickPred/small/two_isl_chickpred30_adult0.csv
169,2,0,1,0,17,0,166,0,159,0,7,0,0,0,0,0,0,0,0,0,667,0,653,0,451,0,354,0.3,0,0,14,0,0,0,0,6,6,89,./data/twoIsl_chickPred/small/two_isl_chickpred30_adult0.csv
169,3,0,0,0,58,0,184,0,177,0,7,0,326,17,0,309,6,0,93,17,504,17,470,8,348,2,202,0.3,0,0,34,0,0,0,0,0,56,44,./data/twoIsl_chickPred/small/two_isl_chickpred30_adult0.csv
169,1,0,15,0,20,0,197,0,187,0,10,0,0,0,0,0,0,0,0,17,661,14,591,5,454,0,223,0.3,0,1,72,0,0,0,0,0,56,44,./data/twoIsl_chickPred/small/two_isl_chickpred30_adult0.csv
169,1,0,10,0,28,0,174,0,165,0,9,0,277,0,0,277,0,0,100,14,483,12,459,3,300,0,71,0.3,0,1,25,0,0,0,13,0,56,44,./data/twoIsl_chickPred/small/two_isl_chickpred30_adult0.csv
169,4,0,7,0,5,0,162,0,151,0,11,0,0,0,0,0,0,0,0,12,614,8,527,5,430,0,145,0.3,0,3,88,0,0,0,0,0,56,44,./data/twoIsl_chickPred/small/two_isl_chickpred30_adult0.csv
169,2,0,5,0,20,2,166,2,159,0,7,8,260,0,0,268,0,0,100,2,431,1,361,0,283,0,49,0.3,0,1,70,0,0,0,0,6,6,89,./data/twoIsl_chickPred/small/two_isl_chickpred30_adult0.csv
169,0,0,4,0,1,0,124,0,118,0,6,0,0,0,0,0,0,0,0,1,479,0,459,0,340,0,276,0.3,0,1,20,0,0,0,20,6,6,89,./data/twoIsl_chickPred/small/two_isl_chickpred30_adult0.csv
169,0,0,21,0,21,0,143,0,139,0,4,0,215,16,0,199,6,0,93,16,383,14,333,4,249,0,47,0.3,0,1,51,0,0,0,0,0,56,44,./data/twoIsl_chickPred/small/two_isl_chickpred30_adult0.csv
169,1,0,0,0,10,0,107,0,102,0,5,0,0,0,0,0,0,0,0,14,439,11,391,7,297,0,44,0.3,0,2,49,0,0,0,0,0,56,44,./data/twoIsl_chickPred/small/two_isl_chickpred30_adult0.csv
169,1,0,2,0,4,0,97,0,96,0,1,0,0,0,0,0,0,0,0,11,488,11,452,0,337,0,144,0.3,0,0,36,0,0,0,0,6,6,89,./data/twoIsl_chickPred/small/two_isl_chickpred30_adult0.csv
169,1,0,13,0,10,0,97,0,94,0,3,11,275,22,0,264,6,0,93,22,271,19,235,8,182,2,83,0.3,0,1,38,0,0,0,0,0,56,44,./data/twoIsl_chickPred/small/two_isl_chickpred30_adult0.csv
169,1,0,3,0,11,0,104,0,97,0,7,0,0,0,0,0,0,0,0,19,335,18,306,6,216,0,116,0.3,0,1,29,0,0,0,0,0,56,44,./data/twoIsl_chickPred/small/two_isl_chickpred30_adult0.csv
169,2,0,3,0,17,1,92,0,89,1,3,0,0,0,0,0,0,0,0,18,397,17,358,9,275,0,78,0.3,0,0,40,0,0,0,0,0,56,44,./data/twoIsl_chickPred/small/two_isl_chickpred30_adult0.csv
169,2,0,5,0,6,1,79,1,76,0,3,17,194,0,0,211,0,0,100,1,242,1,233,1,144,1,74,0.3,0,0,9,0,0,0,0,0,56,44,./data/twoIsl_chickPred/small/two_isl_chickpred30_adult0.csv
169,2,0,7,0,6,0,79,0,73,0,6,0,0,0,0,0,0,0,0,1,308,1,291,1,208,0,113,0.3,0,0,17,0,0,0,0,0,56,44,./data/twoIsl_chickPred/small/two_isl_chickpred30_adult0.csv
169,3,0,11,0,8,1,84,1,82,0,2,0,0,0,0,0,0,0,0,2,374,2,354,1,254,1,166,0.3,0,0,20,0,0,0,0,0,56,44,./data/twoIsl_chickPred/small/two_isl_chickpred30_adult0.csv
169,1,0,7,0,19,0,109,0,102,0,7,1,210,0,0,211,0,0,100,1,250,1,234,1,150,0,35,0.3,0,0,16,0,0,0,0,0,56,44,./data/twoIsl_chickPred/small/two_isl_chickpred30_adult0.csv
169,0,0,5,0,1,0,72,0,70,0,2,0,0,0,0,0,0,0,0,1,306,1,288,0,211,0,98,0.3,0,0,18,0,0,0,0,6,6,89,./data/twoIsl_chickPred/small/two_isl_chickpred30_adult0.csv
169,0,0,7,0,3,0,82,0,77,0,5,0,0,0,0,0,0,0,0,2,365,2,316,1,258,0,56,0.3,0,0,49,0,0,0,0,0,56,44,./data/twoIsl_chickPred/small/two_isl_chickpred30_adult0.csv
169,1,0,2,0,7,1,106,1,100,0,6,0,0,0,0,0,0,0,0,3,419,1,372,3,280,0,44,0.3,0,2,47,0,0,0,0,0,56,44,./data/twoIsl_chickPred/small/two_isl_chickpred30_adult0.csv
169,2,0,5,0,2,0,82,0,75,0,7,0,225,0,0,225,0,0,100,1,227,1,209,1,140,0,61,0.3,0,0,18,0,0,0,0,0,56,44,./data/twoIsl_chickPred/small/two_isl_chickpred30_adult0.csv
169,4,0,3,0,4,0,56,0,54,0,2,0,0,0,0,0,0,0,0,1,264,1,255,1,184,0,127,0.3,0,0,9,0,0,0,0,0,56,44,./data/twoIsl_chickPred/small/two_isl_chickpred30_adult0.csv
169,3,0,11,0,11,0,64,0,58,0,6,0,0,0,0,0,0,0,0,1,315,1,249,1,193,0,31,0.3,0,0,66,0,0,0,14,0,56,44,./data/twoIsl_chickPred/small/two_isl_chickpred30_adult0.csv
169,1,0,2,0,5,0,53,0,51,0,2,0,0,0,0,0,0,0,0,1,300,1,267,0,203,0,79,0.3,0,0,33,0,0,0,0,6,6,89,./data/twoIsl_chickPred/small/two_isl_chickpred30_adult0.csv
169,3,0,4,0,5,0,59,0,55,0,4,0,0,0,0,0,0,0,0,1,322,1,305,1,208,0,69,0.3,0,0,17,0,0,0,0,0,56,44,./data/twoIsl_chickPred/small/two_isl_chickpred30_adult0.csv
169,2,0,2,0,10,0,67,0,63,0,4,1,209,0,0,210,0,0,100,0,161,0,143,0,104,0,40,0.3,0,0,18,0,0,0,0,6,6,89,./data/twoIsl_chickPred/small/two_isl_chickpred30_adult0.csv
169,2,0,3,0,4,0,69,0,67,0,2,0,0,0,0,0,0,0,0,0,210,0,202,0,122,0,80,0.3,0,0,8,0,0,0,0,6,6,89,./data/twoIsl_chickPred/small/two_isl_chickpred30_adult0.csv
169,2,0,9,0,4,0,66,0,63,0,3,0,0,0,0,0,0,0,0,1,265,1,255,0,172,0,72,0.3,0,0,10,0,0,19,0,6,6,89,./data/twoIsl_chickPred/small/two_isl_chickpred30_adult0.csv
169,2,0,2,0,17,0,52,0,52,0,0,0,0,0,0,0,0,0,0,1,307,1,296,0,192,0,87,0.3,0,0,11,0,0,0,0,6,6,89,./data/twoIsl_chickPred/small/two_isl_chickpred30_adult0.csv
169,3,0,7,0,5,0,64,0,62,0,2,0,0,0,0,0,0,0,0,1,359,1,350,0,252,0,244,0.3,0,0,9,0,0,0,0,6,6,89,./data/twoIsl_chickPred/small/two_isl_chickpred30_adult0.csv
169,1,0,16,0,23,0,84,0,79,0,5,1,239,16,0,224,6,0,93,16,190,13,165,5,117,1,23,0.3,0,2,26,0,0,0,0,0,56,44,./data/twoIsl_chickPred/small/two_isl_chickpred30_adult0.csv
169,2,0,1,0,0,0,90,0,87,0,3,0,0,0,0,0,0,0,0,13,255,13,216,3,166,0,106,0.3,0,0,39,0,0,0,0,0,56,44,./data/twoIsl_chickPred/small/two_isl_chickpred30_adult0.csv
169,2,0,2,0,15,0,108,0,103,0,5,0,0,0,0,0,0,0,0,13,323,12,308,7,213,4,79,0.3,0,1,15,0,0,0,0,0,56,44,./data/twoIsl_chickPred/small/two_isl_chickpred30_adult0.csv
169,2,0,6,1,9,0,85,0,83,0,2,0,0,0,0,0,0,0,0,12,393,11,373,6,266,3,171,0.3,0,1,20,0,0,0,0,0,56,44,./data/twoIsl_chickPred/small/two_isl_chickpred30_adult0.csv
169,2,0,11,0,14,1,106,1,100,0,6,11,196,0,0,207,0,0,100,1,281,1,275,0,190,0,103,0.3,0,0,6,0,0,0,0,6,6,89,./data/twoIsl_chickPred/small/two_isl_chickpred30_adult0.csv
169,0,0,12,0,10,3,113,3,106,0,7,0,0,0,0,0,0,0,0,4,383,4,369,2,263,0,136,0.3,0,0,14,0,0,0,0,0,56,44,./data/twoIsl_chickPred/small/two_isl_chickpred30_adult0.csv
169,1,0,3,0,20,1,91,1,84,0,7,0,0,0,0,0,0,0,0,5,455,5,396,3,319,0,57,0.3,0,0,59,0,0,0,0,0,56,44,./data/twoIsl_chickPred/small/two_isl_chickpred30_adult0.csv
169,2,0,2,0,5,1,83,1,81,0,2,1,223,0,0,224,0,0,100,5,255,3,233,4,153,0,66,0.3,0,2,22,0,0,13,0,0,56,44,./data/twoIsl_chickPred/small/two_isl_chickpred30_adult0.csv
169,2,0,4,0,8,1,98,1,94,0,4,0,0,0,0,0,0,0,0,4,330,4,311,1,205,0,127,0.3,0,0,19,0,0,0,0,0,56,44,./data/twoIsl_chickPred/small/two_isl_chickpred30_adult0.csv
169,0,0,8,0,16,0,92,0,87,0,5,0,0,0,0,0,0,0,0,4,400,4,378,3,258,1,189,0.3,0,0,22,0,0,0,0,0,56,44,./data/twoIsl_chickPred/small/two_isl_chickpred30_adult0.csv
169,1,1,21,0,16,0,105,0,102,0,3,3,209,0,0,212,0,0,100,1,271,0,231,0,162,0,27,0.3,0,1,40,0,0,0,0,6,6,89,./data/twoIsl_chickPred/small/two_isl_chickpred30_adult0.csv
169,2,0,2,0,7,0,88,0,82,0,6,0,0,0,0,0,0,0,0,0,314,0,269,0,215,0,122,0.3,0,0,45,0,0,0,0,6,6,89,./data/twoIsl_chickPred/small/two_isl_chickpred30_adult0.csv
169,2,0,7,0,13,0,89,0,81,0,8,0,0,0,0,0,0,0,0,1,351,1,336,0,226,0,132,0.3,0,0,15,0,0,16,0,6,6,89,./data/twoIsl_chickPred/small/two_isl_chickpred30_adult0.csv
169,2,0,8,0,13,0,90,0,85,0,5,0,0,0,0,0,0,0,0,2,421,2,392,1,287,0,218,0.3,0,0,29,0,0,0,0,0,56,44,./data/twoIsl_chickPred/small/two_isl_chickpred30_adult0.csv
169,2,0,12,0,17,0,121,0,111,0,10,0,242,0,0,242,0,0,100,2,269,2,254,0,163,0,92,0.3,0,0,15,0,0,14,0,6,6,89,./data/twoIsl_chickPred/small/two_isl_chickpred30_adult0.csv
169,2,0,7,0,21,1,121,1,117,0,4,0,0,0,0,0,0,0,0,3,371,3,348,2,250,0,212,0.3,0,0,23,0,0,14,0,0,56,44,./data/twoIsl_chickPred/small/two_isl_chickpred30_adult0.csv
169,2,0,9,0,26,0,134,0,128,0,6,0,0,0,0,0,0,0,0,3,478,3,456,2,309,1,175,0.3,0,0,22,0,0,0,0,0,56,44,./data/twoIsl_chickPred/small/two_isl_chickpred30_adult0.csv
169,0,0,14,0,15,0,151,0,139,0,12,2,225,0,0,227,0,0,100,1,376,0,370,1,228,0,150,0.3,0,1,6,0,0,14,0,0,56,44,./data/twoIsl_chickPred/small/two_isl_chickpred30_adult0.csv
169,1,0,5,0,19,0,129,0,123,0,6,0,0,0,0,0,0,0,0,0,496,0,417,0,329,0,36,0.3,0,0,79,0,0,0,0,6,6,89,./data/twoIsl_chickPred/small/two_isl_chickpred30_adult0.csv
169,1,0,4,0,2,1,127,1,121,0,6,0,0,0,0,0,0,0,0,2,538,2,483,2,395,0,223,0.3,0,0,55,0,0,0,0,0,56,44,./data/twoIsl_chickPred/small/two_isl_chickpred30_adult0.csv
169,1,0,9,0,29,0,140,0,131,0,9,0,281,0,0,281,0,0,100,2,339,2,313,1,227,1,89,0.3,0,0,26,0,0,0,0,0,56,44,./data/twoIsl_chickPred/small/two_isl_chickpred30_adult0.csv
169,1,0,5,0,8,0,123,0,115,0,8,0,0,0,0,0,0,0,0,2,433,2,408,2,279,0,132,0.3,0,0,25,0,0,0,0,0,56,44,./data/twoIsl_chickPred/small/two_isl_chickpred30_adult0.csv
169,3,0,5,0,21,0,117,0,111,0,6,0,0,0,0,0,0,0,0,2,524,2,468,1,327,0,131,0.3,0,0,56,0,0,0,0,0,56,44,./data/twoIsl_chickPred/small/two_isl_chickpred30_adult0.csv
169,2,0,9,0,14,0,118,0,112,0,6,2,258,0,0,260,0,0,100,0,326,0,310,0,192,0,55,0.3,0,0,16,0,0,0,0,6,6,89,./data/twoIsl_chickPred/small/two_isl_chickpred30_adult0.csv
169,2,0,2,0,9,0,115,0,110,0,5,0,0,0,0,0,0,0,0,0,420,0,407,0,284,0,244,0.3,0,0,13,0,0,0,0,6,6,89,./data/twoIsl_chickPred/small/two_isl_chickpred30_adult0.csv
169,2,0,4,0,44,1,112,1,107,0,5,0,0,0,0,0,0,0,0,1,514,1,491,0,375,0,241,0.3,0,0,23,0,0,0,0,6,6,89,./data/twoIsl_chickPred/small/two_isl_chickpred30_adult0.csv
169,3,0,4,0,43,0,138,0,130,0,8,0,285,17,0,268,6,0,93,19,337,19,322,7,231,3,137,0.3,0,0,15,0,0,0,15,0,56,44,./data/twoIsl_chickPred/small/two_isl_chickpred30_adult0.csv
169,1,0,6,1,16,0,128,0,122,0,6,0,0,0,0,0,0,0,0,19,447,17,415,5,302,0,123,0.3,0,2,32,0,0,0,0,0,56,44,./data/twoIsl_chickPred/small/two_isl_chickpred30_adult0.csv
169,1,0,3,0,17,1,153,1,146,0,7,0,0,0,0,0,0,0,0,18,564,17,498,5,409,3,202,0.3,0,1,66,0,0,0,0,0,56,44,./data/twoIsl_chickPred/small/two_isl_chickpred30_adult0.csv
169,1,0,19,0,15,0,125,0,118,0,7,16,265,0,0,281,0,0,100,1,356,1,327,0,226,0,105,0.3,0,0,29,0,0,0,0,6,6,89,./data/twoIsl_chickPred/small/two_isl_chickpred30_adult0.csv
169,3,0,7,0,10,2,136,2,132,0,4,0,0,0,0,0,0,0,0,3,459,3,419,1,295,1,112,0.3,0,0,40,0,0,0,0,0,56,44,./data/twoIsl_chickPred/small/two_isl_chickpred30_adult0.csv
169,4,0,5,1,9,1,111,1,102,0,9,1,196,0,0,197,0,0,100,3,328,3,294,3,207,1,87,0.3,0,0,34,0,0,0,0,0,56,44,./data/twoIsl_chickPred/small/two_isl_chickpred30_adult0.csv
169,0,0,3,0,10,0,131,0,126,0,5,0,0,0,0,0,0,0,0,3,423,3,351,3,273,0,26,0.3,0,0,72,0,0,20,0,0,56,44,./data/twoIsl_chickPred/small/two_isl_chickpred30_adult0.csv
169,2,0,1,0,2,1,100,1,93,0,7,0,0,0,0,0,0,0,0,4,449,3,403,2,283,0,47,0.3,0,1,46,0,0,0,0,0,56,44,./data/twoIsl_chickPred/small/two_isl_chickpred30_adult0.csv
169,2,0,5,0,9,1,94,1,91,0,3,3,223,0,0,226,0,0,100,1,274,1,259,1,179,1,119,0.3,0,0,15,0,0,0,0,0,56,44,./data/twoIsl_chickPred/small/two_isl_chickpred30_adult0.csv
169,2,0,9,0,14,0,66,0,64,0,2,0,0,0,0,0,0,0,0,1,324,1,303,1,210,0,135,0.3,0,0,21,0,0,0,0,0,56,44,./data/twoIsl_chickPred/small/two_isl_chickpred30_adult0.csv
169,3,0,9,0,16,1,62,1,57,0,5,0,0,0,0,0,0,0,0,2,364,1,341,1,259,0,159,0.3,0,1,23,0,0,0,0,0,56,44,./data/twoIsl_chickPred/small/two_isl_chickpred30_adult0.csv
169,3,0,6,0,29,0,85,0,79,0,6,1,230,0,0,231,0,0,100,0,194,0,176,0,120,0,44,0.3,0,0,18,0,0,0,0,6,6,89,./data/twoIsl_chickPred/small/two_isl_chickpred30_adult0.csv
169,4,0,4,0,2,0,76,0,75,0,1,0,0,0,0,0,0,0,0,0,252,0,230,0,155,0,61,0.3,0,0,22,0,0,0,0,6,6,89,./data/twoIsl_chickPred/small/two_isl_chickpred30_adult0.csv
169,2,0,4,0,6,0,89,0,83,0,6,0,0,0,0,0,0,0,0,0,313,0,242,0,206,0,27,0.3,0,0,71,0,0,0,0,6,6,89,./data/twoIsl_chickPred/small/two_isl_chickpred30_adult0.csv
169,3,0,1,0,6,0,74,0,72,0,2,0,0,0,0,0,0,0,0,0,314,0,298,0,201,0,107,0.3,0,0,16,0,0,0,0,6,6,89,./data/twoIsl_chickPred/small/two_isl_chickpred30_adult0.csv
169,2,0,3,0,17,0,69,0,63,0,6,0,0,0,0,0,0,0,0,0,361,0,329,0,236,0,104,0.3,0,0,32,0,0,0,0,6,6,89,./data/twoIsl_chickPred/small/two_isl_chickpred30_adult0.csv
169,3,0,9,0,12,0,67,0,63,0,4,0,210,16,0,194,6,0,93,16,182,16,168,5,117,0,105,0.3,0,0,14,0,0,0,0,0,56,44,./data/twoIsl_chickPred/small/two_isl_chickpred30_adult0.csv
169,2,0,8,0,9,0,67,0,65,0,2,0,0,0,0,0,0,0,0,16,234,14,214,3,151,2,37,0.3,0,0,22,0,0,0,0,0,56,44,./data/twoIsl_chickPred/small/two_isl_chickpred30_adult0.csv
169,2,0,2,1,4,0,60,0,59,0,1,0,0,0,0,0,0,0,0,14,273,13,264,7,182,3,124,0.3,0,1,9,0,0,0,0,0,56,44,./data/twoIsl_chickPred/small/two_isl_chickpred30_adult0.csv
169,2,0,9,0,13,0,81,0,78,0,3,0,0,0,0,0,0,0,0,13,343,13,333,6,220,1,120,0.3,0,0,10,0,0,0,0,0,56,44,./data/twoIsl_chickPred/small/two_isl_chickpred30_adult0.csv
169,2,0,6,0,16,1,95,1,92,0,3,13,203,0,0,216,0,0,100,1,223,0,207,0,136,0,69,0.3,0,1,16,0,0,0,0,6,6,89,./data/twoIsl_chickPred/small/two_isl_chickpred30_adult0.csv
169,4,0,6,0,5,3,84,3,78,0,6,0,0,0,0,0,0,0,0,4,285,4,270,3,184,1,151,0.3,0,0,15,0,0,0,0,0,56,44,./data/twoIsl_chickPred/small/two_isl_chickpred30_adult0.csv
169,0,0,15,0,15,1,88,1,83,0,5,0,0,0,0,0,0,0,0,5,355,4,323,1,245,0,38,0.3,0,1,32,0,0,0,0,0,56,44,./data/twoIsl_chickPred/small/two_isl_chickpred30_adult0.csv
169,1,0,3,0,3,1,86,1,81,0,5,0,0,0,0,0,0,0,0,5,406,5,384,4,284,0,41,0.3,0,0,22,0,0,0,0,0,56,44,./data/twoIsl_chickPred/small/two_isl_chickpred30_adult0.csv
169,2,0,2,0,4,0,73,0,71,0,2,3,233,0,0,236,0,0,100,2,224,2,208,2,139,0,41,0.3,0,0,16,0,0,0,0,0,56,44,./data/twoIsl_chickPred/small/two_isl_chickpred30_adult0.csv
169,2,0,5,0,3,0,73,0,71,0,2,0,0,0,0,0,0,0,0,2,279,2,270,2,190,0,146,0.3,0,0,9,0,0,0,0,0,56,44,./data/twoIsl_chickPred/small/two_isl_chickpred30_adult0.csv
169,2,0,4,0,18,0,66,0,59,0,7,0,0,0,0,0,0,0,0,2,336,2,322,2,234,1,116,0.3,0,0,14,0,0,0,0,0,56,44,./data/twoIsl_chickPred/small/two_isl_chickpred30_adult0.csv
169,2,0,7,0,9,0,76,0,71,0,5,0,0,0,0,0,0,0,0,2,394,2,374,1,263,0,145,0.3,0,0,20,0,0,12,0,0,56,44,./data/twoIsl_chickPred/small/two_isl_chickpred30_adult0.csv
169,4,0,7,0,17,0,95,0,91,0,4,2,241,0,0,243,0,0,100,0,225,0,215,0,147,0,54,0.3,0,0,10,0,0,0,0,6,6,89,./data/twoIsl_chickPred/small/two_isl_chickpred30_adult0.csv
169,2,0,0,0,8,0,92,0,86,0,6,0,0,0,0,0,0,0,0,0,302,0,263,0,194,0,32,0.3,0,0,39,0,0,0,0,6,6,89,./data/twoIsl_chickPred/small/two_isl_chickpred30_adult0.csv
169,3,0,1,0,4,1,85,1,80,0,5,0,0,0,0,0,0,0,0,2,344,2,316,1,231,1,135,0.3,0,0,28,0,0,0,0,0,56,44,./data/twoIsl_chickPred/small/two_isl_chickpred30_adult0.csv
169,3,0,9,0,14,0,89,0,82,0,7,0,0,0,0,0,0,0,0,2,400,2,365,2,260,1,131,0.3,0,0,35,0,0,0,0,0,56,44,./data/twoIsl_chickPred/small/two_isl_chickpred30_adult0.csv
169,2,0,11,0,9,0,83,0,76,0,7,0,216,0,0,216,0,0,100,2,229,2,210,0,142,0,63,0.3,0,0,19,0,0,0,0,6,6,89,./data/twoIsl_chickPred/small/two_isl_chickpred30_adult0.csv
169,4,0,2,0,8,0,74,0,72,0,2,0,0,0,0,0,0,0,0,2,282,1,273,2,192,1,128,0.3,0,1,9,0,0,0,0,0,56,44,./data/twoIsl_chickPred/small/two_isl_chickpred30_adult0.csv
169,0,0,0,0,26,1,80,1,72,0,8,0,0,0,0,0,0,0,0,2,352,2,333,1,231,0,24,0.3,0,0,19,0,0,0,0,0,56,44,./data/twoIsl_chickPred/small/two_isl_chickpred30_adult0.csv
169,2,0,0,0,2,1,85,1,81,0,4,0,0,0,0,0,0,0,0,3,417,2,395,2,271,0,51,0.3,0,1,22,0,0,0,0,0,56,44,./data/twoIsl_chickPred/small/two_isl_chickpred30_adult0.csv
169,2,0,5,0,5,0,87,0,82,0,5,1,244,0,0,245,0,0,100,1,235,1,225,1,140,1,110,0.3,0,0,10,0,0,0,0,0,56,44,./data/twoIsl_chickPred/small/two_isl_chickpred30_adult0.csv
169,2,0,11,0,6,1,67,1,65,0,2,0,0,0,0,0,0,0,0,2,291,2,274,1,193,1,110,0.3,0,0,17,0,0,0,0,0,56,44,./data/twoIsl_chickPred/small/two_isl_chickpred30_adult0.csv
169,2,0,4,1,14,0,72,0,70,0,2,0,0,0,0,0,0,0,0,2,344,1,337,2,226,0,172,0.3,0,1,7,0,0,0,0,0,56,44,./data/twoIsl_chickPred/small/two_isl_chickpred30_adult0.csv
169,3,0,17,0,14,0,80,0,71,0,9,0,207,0,0,207,0,0,100,1,207,1,197,0,130,0,110,0.3,0,0,10,0,0,0,0,6,6,89,./data/twoIsl_chickPred/small/two_isl_chickpred30_adult0.csv
169,2,0,9,0,12,1,85,1,76,0,9,0,0,0,0,0,0,0,0,3,274,3,246,1,189,0,97,0.3,0,0,28,0,0,0,0,0,56,44,./data/twoIsl_chickPred/small/two_isl_chickpred30_adult0.csv
169,3,0,7,0,15,0,100,0,96,0,4,0,0,0,0,0,0,0,0,3,345,3,333,2,230,1,183,0.3,0,0,12,0,0,0,0,0,56,44,./data/twoIsl_chickPred/small/two_isl_chickpred30_adult0.csv
169,2,0,1,0,27,0,112,0,107,0,5,0,0,0,0,0,0,0,0,3,442,2,388,2,297,0,104,0.3,0,1,54,0,0,0,0,0,56,44,./data/twoIsl_chickPred/small/two_isl_chickpred30_adult0.csv
169,2,0,2,0,13,0,113,0,104,0,9,2,213,0,0,215,0,0,100,0,282,0,268,0,182,0,114,0.3,0,0,14,0,0,0,0,6,6,89,./data/twoIsl_chickPred/small/two_isl_chickpred30_adult0.csv
169,0,0,9,0,5,0,124,0,121,0,3,0,0,0,0,0,0,0,0,1,389,1,375,0,244,0,184,0.3,0,0,14,0,0,0,0,6,6,89,./data/twoIsl_chickPred/small/two_isl_chickpred30_adult0.csv
169,1,0,14,0,14,1,122,1,117,0,5,0,0,0,0,0,0,0,0,3,492,3,413,2,337,0,41,0.3,0,0,79,0,0,0,0,0,56,44,./data/twoIsl_chickPred/small/two_isl_chickpred30_adult0.csv
169,2,0,1,0,2,0,124,0,119,0,5,0,223,0,0,223,0,0,100,3,310,3,278,0,180,0,60,0.3,0,0,32,0,0,0,0,6,6,89,./data/twoIsl_chickPred/small/two_isl_chickpred30_adult0.csv
169,0,0,0,0,10,0,83,0,80,0,3,0,0,0,0,0,0,0,0,4,358,3,340,4,240,1,125,0.3,0,1,18,0,0,0,0,0,56,44,./data/twoIsl_chickPred/small/two_isl_chickpred30_adult0.csv
169,1,0,3,0,21,0,94,0,91,0,3,0,0,0,0,0,0,0,0,3,432,3,349,1,285,0,52,0.3,0,0,83,0,0,0,0,0,56,44,./data/twoIsl_chickPred/small/two_isl_chickpred30_adult0.csv
169,1,0,4,0,6,0,82,0,82,0,0,2,215,0,0,217,0,0,100,1,216,1,197,1,142,0,63,0.3,0,0,19,0,0,0,12,0,56,44,./data/twoIsl_chickPred/small/two_isl_chickpred30_adult0.csv
169,2,0,2,0,10,0,80,0,76,0,4,0,0,0,0,0,0,0,0,1,275,1,242,1,179,0,98,0.3,0,0,33,0,0,0,0,0,56,44,./data/twoIsl_chickPred/small/two_isl_chickpred30_adult0.csv
169,3,0,8,0,12,0,70,0,64,0,6,0,0,0,0,0,0,0,0,1,310,1,292,0,204,0,179,0.3,0,0,18,0,0,0,0,6,6,89,./data/twoIsl_chickPred/small/two_isl_chickpred30_adult0.csv
169,1,0,4,0,28,1,78,1,71,0,7,0,0,0,0,0,0,0,0,2,363,2,325,0,242,0,104,0.3,0,0,38,0,0,15,0,6,6,89,./data/twoIsl_chickPred/small/two_isl_chickpred30_adult0.csv
169,3,0,5,0,7,0,82,0,75,0,7,1,205,16,0,190,6,0,93,18,196,15,179,5,121,1,66,0.3,0,2,18,0,0,0,0,0,56,44,./data/twoIsl_chickPred/small/two_isl_chickpred30_adult0.csv
169,1,0,2,0,9,0,79,0,75,0,4,0,0,0,0,0,0,0,0,15,258,14,248,9,187,1,65,0.3,0,1,10,0,0,0,0,0,56,44,./data/twoIsl_chickPred/small/two_isl_chickpred30_adult0.csv
169,2,0,2,0,6,0,103,0,96,0,7,0,0,0,0,0,0,0,0,14,349,12,312,8,250,1,108,0.3,0,1,38,0,0,0,0,0,56,44,./data/twoIsl_chickPred/small/two_isl_chickpred30_adult0.csv
169,3,0,0,0,15,2,84,2,80,0,4,0,0,0,0,0,0,0,0,14,395,13,386,5,278,3,160,0.3,0,1,9,0,0,0,0,0,56,44,./data/twoIsl_chickPred/small/two_isl_chickpred30_adult0.csv
169,0,0,18,0,15,1,88,1,81,0,7,11,212,0,0,223,0,0,100,3,257,0,231,1,165,0,73,0.3,0,3,26,0,0,0,0,0,56,44,./data/twoIsl_chickPred/small/two_isl_chickpred30_adult0.csv
169,2,0,3,0,11,0,97,0,94,0,3,0,0,0,0,0,0,0,0,0,327,0,274,0,210,0,35,0.3,0,0,53,0,0,0,0,6,6,89,./data/twoIsl_chickPred/small/two_isl_chickpred30_adult0.csv
169,2,0,0,0,5,1,71,1,69,0,2,0,0,0,0,0,0,0,0,1,343,0,333,0,227,0,159,0.3,0,1,10,0,0,0,0,6,6,89,./data/twoIsl_chickPred/small/two_isl_chickpred30_adult0.csv
169,2,0,12,0,15,1,90,1,84,0,6,0,0,0,0,0,0,0,0,1,417,1,399,1,292,0,242,0.3,0,0,18,0,0,0,0,0,56,44,./data/twoIsl_chickPred/small/two_isl_chickpred30_adult0.csv
169,4,0,12,0,23,1,108,1,101,0,7,0,259,0,0,259,0,0,100,2,245,2,236,2,154,1,69,0.3,0,0,9,0,0,0,0,0,56,44,./data/twoIsl_chickPred/small/two_isl_chickpred30_adult0.csv
169,2,0,6,0,5,0,129,0,124,0,5,0,0,0,0,0,0,0,0,2,364,1,302,2,226,0,27,0.3,0,1,62,0,0,0,0,0,56,44,./data/twoIsl_chickPred/small/two_isl_chickpred30_adult0.csv
169,2,0,4,0,2,0,91,0,87,0,4,0,0,0,0,0,0,0,0,1,390,1,379,0,246,0,168,0.3,0,0,11,0,0,0,0,6,6,89,./data/twoIsl_chickPred/small/two_isl_chickpred30_adult0.csv
169,3,0,14,0,17,0,109,0,101,0,8,0,0,0,0,0,0,0,0,2,480,2,467,1,331,1,189,0.3,0,0,13,0,0,0,14,0,56,44,./data/twoIsl_chickPred/small/two_isl_chickpred30_adult0.csv
169,1,0,15,0,16,1,121,1,110,0,11,1,285,0,0,286,0,0,100,2,299,2,273,0,171,0,84,0.3,0,0,26,0,0,0,0,6,6,89,./data/twoIsl_chickPred/small/two_isl_chickpred30_adult0.csv
169,3,0,5,0,7,0,98,0,89,0,9,0,0,0,0,0,0,0,0,2,363,2,334,1,234,0,114,0.3,0,0,29,0,0,0,0,0,56,44,./data/twoIsl_chickPred/small/two_isl_chickpred30_adult0.csv
169,2,0,7,0,19,0,101,0,91,0,10,0,0,0,0,0,0,0,0,2,431,1,395,1,304,0,117,0.3,0,1,36,0,0,0,0,0,56,44,./data/twoIsl_chickPred/small/two_isl_chickpred30_adult0.csv
169,2,0,4,0,12,0,106,0,102,0,4,1,232,0,0,233,0,0,100,0,268,0,260,0,174,0,89,0.3,0,0,8,0,0,0,0,6,6,89,./data/twoIsl_chickPred/small/two_isl_chickpred30_adult0.csv
169,2,0,0,0,15,1,117,1,113,0,4,0,0,0,0,0,0,0,0,1,374,1,351,1,261,0,141,0.3,0,0,23,0,0,0,0,0,56,44,./data/twoIsl_chickPred/small/two_isl_chickpred30_adult0.csv
169,2,0,1,0,21,0,110,0,102,0,8,0,0,0,0,0,0,0,0,1,457,1,434,0,305,0,251,0.3,0,0,23,0,0,0,0,6,6,89,./data/twoIsl_chickPred/small/two_isl_chickpred30_adult0.csv
169,2,0,19,0,22,0,128,0,123,0,5,0,228,14,0,214,6,0,93,15,330,14,320,1,216,0,138,0.3,0,0,11,0,0,0,0,0,56,44,./data/twoIsl_chickPred/small/two_isl_chickpred30_adult0.csv
169,2,0,12,0,6,0,123,0,117,0,6,0,0,0,0,0,0,0,0,14,442,14,421,1,288,1,131,0.3,0,0,21,0,0,0,0,0,56,44,./data/twoIsl_chickPred/small/two_isl_chickpred30_adult0.csv
169,3,0,6,1,14,0,135,0,127,0,8,0,0,0,0,0,0,0,0,14,552,14,528,4,394,1,285,0.3,0,0,24,0,0,0,0,0,56,44,./data/twoIsl_chickPred/small/two_isl_chickpred30_adult0.csv
169,2,0,17,1,29,0,177,0,167,0,10,14,297,0,0,311,0,0,100,0,406,0,360,0,272,0,130,0.3,0,0,46,0,0,0,0,6,6,89,./data/twoIsl_chickPred/small/two_isl_chickpred30_adult0.csv
169,4,0,9,0,18,0,163,0,153,0,10,0,0,0,0,0,0,0,0,0,513,0,497,0,348,0,239,0.3,0,0,16,0,0,0,0,6,6,89,./data/twoIsl_chickPred/small/two_isl_chickpred30_adult0.csv
169,3,0,4,0,30,0,170,0,164,0,6,0,0,0,0,0,0,0,0,0,662,0,586,0,462,0,61,0.3,0,0,76,0,0,0,0,6,6,89,./data/twoIsl_chickPred/small/two_isl_chickpred30_adult0.csv
169,2,0,5,0,3,0,139,0,136,0,3,0,322,20,0,302,6,0,93,20,400,16,369,3,251,1,116,0.3,0,1,34,0,0,0,0,0,56,44,./data/twoIsl_chickPred/small/two_isl_chickpred30_adult0.csv
169,0,0,7,0,13,0,147,0,138,0,9,0,0,0,0,0,0,0,0,16,510,16,488,4,338,1,178,0.3,0,0,22,0,0,0,0,0,56,44,./data/twoIsl_chickPred/small/two_isl_chickpred30_adult0.csv
169,2,0,14,0,21,0,133,0,126,0,7,0,236,0,0,236,0,0,100,16,382,15,331,8,233,0,37,0.3,0,1,51,0,0,0,0,0,56,44,./data/twoIsl_chickPred/small/two_isl_chickpred30_adult0.csv
169,0,0,1,0,4,1,105,1,92,0,13,0,0,0,0,0,0,0,0,16,429,15,409,4,296,1,224,0.3,0,0,21,0,0,0,0,0,56,44,./data/twoIsl_chickPred/small/two_isl_chickpred30_adult0.csv
169,1,1,15,0,20,0,110,0,107,0,3,14,213,0,0,227,0,0,100,1,304,1,263,1,194,0,28,0.3,0,0,41,0,0,0,0,0,56,44,./data/twoIsl_chickPred/small/two_isl_chickpred30_adult0.csv
169,3,0,2,0,4,1,103,1,99,0,4,0,0,0,0,0,0,0,0,2,365,2,339,0,233,0,87,0.3,0,0,26,0,0,0,0,6,6,89,./data/twoIsl_chickPred/small/two_isl_chickpred30_adult0.csv
169,2,0,7,0,4,0,96,0,92,0,4,0,0,0,0,0,0,0,0,2,432,2,392,1,296,0,97,0.3,0,0,40,0,0,0,0,0,56,44,./data/twoIsl_chickPred/small/two_isl_chickpred30_adult0.csv
169,2,0,9,0,13,0,91,0,87,0,4,1,222,0,0,223,0,0,100,1,259,1,252,0,154,0,128,0.3,0,0,7,0,0,0,0,6,6,89,./data/twoIsl_chickPred/small/two_isl_chickpred30_adult0.csv
169,4,0,0,0,22,0,107,0,104,0,3,0,0,0,0,0,0,0,0,2,356,2,343,1,215,1,126,0.3,0,0,13,0,0,0,0,0,56,44,./data/twoIsl_chickPred/small/two_isl_chickpred30_adult0.csv
169,2,1,16,0,11,1,97,1,94,0,3,0,0,0,0,0,0,0,0,3,439,2,361,1,293,0,46,0.3,0,1,78,0,0,0,0,0,56,44,./data/twoIsl_chickPred/small/two_isl_chickpred30_adult0.csv
169,0,0,2,0,4,0,74,0,73,0,1,0,0,0,0,0,0,0,0,2,434,2,401,2,296,0,146,0.3,0,0,33,0,0,0,0,0,56,44,./data/twoIsl_chickPred/small/two_isl_chickpred30_adult0.csv
169,2,0,8,0,10,0,104,0,101,0,3,1,259,0,0,260,0,0,100,1,244,1,201,1,157,0,24,0.3,0,0,43,0,0,0,0,0,56,44,./data/twoIsl_chickPred/small/two_isl_chickpred30_adult0.csv
169,2,0,2,0,3,0,81,0,79,0,2,0,0,0,0,0,0,0,0,1,281,1,263,0,165,0,94,0.3,0,0,18,0,0,0,0,6,6,89,./data/twoIsl_chickPred/small/two_isl_chickpred30_adult0.csv
169,3,0,7,0,14,0,69,0,66,0,3,0,0,0,0,0,0,0,0,1,329,1,307,1,214,1,130,0.3,0,0,22,0,0,0,0,0,56,44,./data/twoIsl_chickPred/small/two_isl_chickpred30_adult0.csv
169,0,0,12,0,11,2,98,2,91,0,7,0,0,0,0,0,0,0,0,3,403,3,348,1,252,0,128,0.3,0,0,55,0,0,0,0,0,56,44,./data/twoIsl_chickPred/small/two_isl_chickpred30_adult0.csv
169,3,0,3,0,9,0,72,0,69,0,3,1,208,0,0,209,0,0,100,2,210,2,188,1,121,0,14,0.3,0,0,22,0,0,0,0,0,56,44,./data/twoIsl_chickPred/small/two_isl_chickpred30_adult0.csv
169,3,0,1,0,1,0,81,0,78,0,3,0,0,0,0,0,0,0,0,2,268,2,251,0,179,0,54,0.3,0,0,17,0,0,0,0,6,6,89,./data/twoIsl_chickPred/small/two_isl_chickpred30_adult0.csv
169,4,0,0,0,9,0,70,0,65,0,5,0,0,0,0,0,0,0,0,2,317,2,302,2,200,0,110,0.3,0,0,15,0,0,0,0,0,56,44,./data/twoIsl_chickPred/small/two_isl_chickpred30_adult0.csv
169,2,0,3,0,15,0,80,0,79,0,1,0,0,0,0,0,0,0,0,2,382,2,352,2,238,0,21,0.3,0,0,30,0,0,0,0,0,56,44,./data/twoIsl_chickPred/small/two_isl_chickpred30_adult0.csv
169,2,0,1,0,5,0,67,0,66,0,1,2,226,0,0,228,0,0,100,0,192,0,187,0,105,0,81,0.3,0,0,5,0,0,12,0,6,6,89,./data/twoIsl_chickPred/small/two_isl_chickpred30_adult0.csv
169,3,0,8,0,11,0,66,0,63,0,3,0,0,0,0,0,0,0,0,0,250,0,244,0,149,0,104,0.3,0,0,6,0,0,0,0,6,6,89,./data/twoIsl_chickPred/small/two_isl_chickpred30_adult0.csv
169,1,0,6,0,11,0,53,0,51,0,2,0,0,0,0,0,0,0,0,0,295,0,269,0,193,0,95,0.3,0,0,26,0,0,0,0,6,6,89,./data/twoIsl_chickPred/small/two_isl_chickpred30_adult0.csv
169,1,0,6,0,11,0,66,0,63,0,3,0,0,0,0,0,0,0,0,0,332,0,305,0,214,0,84,0.3,0,0,27,0,0,0,0,6,6,89,./data/twoIsl_chickPred/small/two_isl_chickpred30_adult0.csv
169,2,0,5,0,8,0,70,0,66,0,4,0,206,8,0,198,6,0,93,10,165,10,156,4,98,0,38,0.3,0,0,9,0,0,0,0,0,56,44,./data/twoIsl_chickPred/small/two_isl_chickpred30_adult0.csv
169,2,0,1,0,5,0,60,0,57,0,3,0,0,0,0,0,0,0,0,10,214,9,205,4,137,0,32,0.3,0,0,10,0,0,0,0,0,56,44,./data/twoIsl_chickPred/small/two_isl_chickpred30_adult0.csv
169,2,0,2,0,2,0,68,0,65,0,3,0,0,0,0,0,0,0,0,9,272,9,264,4,180,1,70,0.3,0,0,8,0,0,0,0,0,56,44,./data/twoIsl_chickPred/small/two_isl_chickpred30_adult0.csv
169,2,0,6,0,4,1,67,1,67,0,0,0,0,0,0,0,0,0,0,10,331,9,316,5,236,1,139,0.3,0,1,15,0,0,0,0,0,56,44,./data/twoIsl_chickPred/small/two_isl_chickpred30_adult0.csv
169,2,0,12,0,9,0,64,0,59,0,5,0,0,0,0,0,0,0,0,9,377,7,360,5,268,2,198,0.3,0,2,17,0,0,0,0,0,56,44,./data/twoIsl_chickPred/small/two_isl_chickpred30_adult0.csv
169,1,0,22,0,22,1,87,1,82,0,5,6,238,0,0,244,0,0,100,2,208,2,200,1,129,1,81,0.3,0,0,8,0,0,0,0,0,56,44,./data/twoIsl_chickPred/small/two_isl_chickpred30_adult0.csv
169,0,0,3,0,6,0,74,0,68,0,6,0,0,0,0,0,0,0,0,2,273,2,242,1,178,0,95,0.3,0,0,31,0,0,0,0,0,56,44,./data/twoIsl_chickPred/small/two_isl_chickpred30_adult0.csv
169,1,0,9,0,6,1,121,1,108,0,13,0,0,0,0,0,0,0,0,3,358,3,307,2,228,0,25,0.3,0,0,51,0,0,0,0,0,56,44,./data/twoIsl_chickPred/small/two_isl_chickpred30_adult0.csv
169,1,0,2,0,2,1,91,1,86,0,5,0,0,0,0,0,0,0,0,4,396,2,365,2,264,0,133,0.3,0,2,31,0,0,0,0,0,56,44,./data/twoIsl_chickPred/small/two_isl_chickpred30_adult0.csv
169,1,0,12,0,14,1,84,1,80,0,4,2,194,0,0,196,0,0,100,1,252,1,238,1,151,0,67,0.3,0,0,14,0,0,0,0,0,56,44,./data/twoIsl_chickPred/small/two_isl_chickpred30_adult0.csv
169,4,0,2,0,12,0,102,0,95,0,7,0,0,0,0,0,0,0,0,1,337,1,297,0,203,0,64,0.3,0,0,40,0,0,0,0,6,6,89,./data/twoIsl_chickPred/small/two_isl_chickpred30_adult0.csv
169,2,0,4,0,8,0,56,0,53,0,3,0,0,0,0,0,0,0,0,1,350,1,309,1,240,0,30,0.3,0,0,41,0,0,15,0,0,56,44,./data/twoIsl_chickPred/small/two_isl_chickpred30_adult0.csv
169,2,0,0,0,4,0,73,0,67,0,6,0,0,0,0,0,0,0,0,1,379,1,360,1,271,0,184,0.3,0,0,19,0,0,0,0,0,56,44,./data/twoIsl_chickPred/small/two_isl_chickpred30_adult0.csv
169,2,0,12,0,16,0,83,0,78,0,5,1,247,0,0,248,0,0,100,0,195,0,183,0,124,0,87,0.3,0,0,12,0,0,0,0,6,6,89,./data/twoIsl_chickPred/small/two_isl_chickpred30_adult0.csv
169,2,0,4,0,4,0,85,0,84,0,1,0,0,0,0,0,0,0,0,0,267,0,254,0,180,0,68,0.3,0,0,13,0,0,0,0,6,6,89,./data/twoIsl_chickPred/small/two_isl_chickpred30_adult0.csv
169,2,0,8,0,3,0,71,0,68,0,3,0,0,0,0,0,0,0,0,0,322,0,309,0,210,0,162,0.3,0,0,13,0,0,0,0,6,6,89,./data/twoIsl_chickPred/small/two_isl_chickpred30_adult0.csv
169,0,0,7,0,11,0,103,0,97,0,6,0,0,0,0,0,0,0,0,0,406,0,377,0,289,0,129,0.3,0,0,29,0,0,0,0,6,6,89,./data/twoIsl_chickPred/small/two_isl_chickpred30_adult0.csv
169,3,0,5,0,14,0,96,0,91,0,5,0,227,15,0,212,6,0,93,15,241,13,204,5,141,0,10,0.3,0,1,38,0,0,0,0,0,56,44,./data/twoIsl_chickPred/small/two_isl_chickpred30_adult0.csv
169,2,0,2,0,1,0,92,0,84,0,8,0,0,0,0,0,0,0,0,13,293,13,259,8,188,2,88,0.3,0,0,34,0,0,0,0,0,56,44,./data/twoIsl_chickPred/small/two_isl_chickpred30_adult0.csv
169,2,0,4,1,6,0,84,0,80,0,4,0,0,0,0,0,0,0,0,13,342,13,330,5,220,5,104,0.3,0,0,12,0,0,0,0,0,56,44,./data/twoIsl_chickPred/small/two_isl_chickpred30_adult0.csv
169,2,0,7,0,12,3,94,3,90,0,4,0,0,0,0,0,0,0,0,16,423,16,402,6,299,0,185,0.3,0,0,21,0,0,0,0,0,56,44,./data/twoIsl_chickPred/small/two_isl_chickpred30_adult0.csv
169,2,0,2,0,35,1,81,1,78,0,3,13,236,0,0,249,0,0,100,4,246,4,220,4,139,2,74,0.3,0,0,26,0,0,0,0,0,56,44,./data/twoIsl_chickPred/small/two_isl_chickpred30_adult0.csv
169,2,0,14,0,10,3,68,3,67,0,1,0,0,0,0,0,0,0,0,7,288,6,272,6,201,1,151,0.3,0,1,16,0,0,0,0,0,56,44,./data/twoIsl_chickPred/small/two_isl_chickpred30_adult0.csv
169,2,0,11,0,17,0,107,0,101,0,6,0,0,0,0,0,0,0,0,6,376,6,367,1,255,0,187,0.3,0,0,9,0,0,0,0,0,56,44,./data/twoIsl_chickPred/small/two_isl_chickpred30_adult0.csv
169,2,0,9,0,19,1,121,0,115,1,6,3,205,0,0,208,0,0,100,3,282,3,271,2,186,1,106,0.3,0,0,11,0,0,0,0,0,56,44,./data/twoIsl_chickPred/small/two_isl_chickpred30_adult0.csv
169,2,1,9,0,10,0,132,0,129,0,3,0,0,0,0,0,0,0,0,3,402,3,398,1,251,0,183,0.3,0,0,4,0,0,0,0,0,56,44,./data/twoIsl_chickPred/small/two_isl_chickpred30_adult0.csv
169,2,0,21,0,14,0,125,0,117,0,8,0,0,0,0,0,0,0,0,3,520,3,505,1,345,1,229,0.3,0,0,15,0,0,0,0,0,56,44,./data/twoIsl_chickPred/small/two_isl_chickpred30_adult0.csv
169,0,0,0,1,41,1,149,1,139,0,10,3,258,0,0,261,0,0,100,1,391,1,379,1,236,1,180,0.3,0,0,12,0,0,0,0,0,56,44,./data/twoIsl_chickPred/small/two_isl_chickpred30_adult0.csv
169,1,0,0,0,18,0,144,0,141,0,3,0,0,0,0,0,0,0,0,1,521,1,469,0,334,0,49,0.3,0,0,52,0,0,0,0,6,6,89,./data/twoIsl_chickPred/small/two_isl_chickpred30_adult0.csv
169,0,0,2,0,7,0,126,0,115,0,11,0,215,7,0,208,6,0,93,9,369,8,342,2,261,0,93,0.3,0,1,27,0,0,0,0,0,56,44,./data/twoIsl_chickPred/small/two_isl_chickpred30_adult0.csv
169,2,0,7,0,7,2,134,2,125,0,9,0,0,0,0,0,0,0,0,10,471,9,392,4,320,0,44,0.3,0,1,79,0,0,0,0,0,56,44,./data/twoIsl_chickPred/small/two_isl_chickpred30_adult0.csv
